frame_id,steering_angle,pred
1.48E+18,0.015088798,
1.48E+18,0.000921409,
1.48E+18,0.066923529,
1.48E+18,0.045786596,
1.48E+18,-0.037825452,
1.48E+18,-0.031079637,
1.48E+18,-0.093616375,
1.48E+18,0.036758195,
1.48E+18,-0.02058738,
1.48E+18,-0.001210998,
1.48E+18,-0.099429753,
1.48E+18,0.061396608,
1.48E+18,-0.01754843,
1.48E+18,0.081834633,
1.48E+18,-0.098240942,
1.48E+18,0.028356078,
1.48E+18,-0.062349468,
1.48E+18,-0.053912374,
1.48E+18,0.053692654,
1.48E+18,0.051893045,
1.48E+18,-0.0195017,
1.48E+18,-0.016363517,
1.48E+18,-0.08776499,
1.48E+18,-0.014095069,
1.48E+18,-0.041210576,
1.48E+18,-0.01611023,
1.48E+18,0.094322718,
1.48E+18,-0.021955702,
1.48E+18,-0.056029784,
1.48E+18,0.023013618,
1.48E+18,-0.055037432,
1.48E+18,-0.045187239,
1.48E+18,-0.099166026,
1.48E+18,-0.073625085,
1.48E+18,0.094704935,
1.48E+18,0.067501018,
1.48E+18,0.034924012,
1.48E+18,-0.072300908,
1.48E+18,0.064920831,
1.48E+18,0.027780932,
1.48E+18,-0.082442748,
1.48E+18,-0.083457586,
1.48E+18,0.010290851,
1.48E+18,-0.035157749,
1.48E+18,0.021553284,
1.48E+18,0.022507776,
1.48E+18,0.006650198,
1.48E+18,-0.010274549,
1.48E+18,-0.054068985,
1.48E+18,0.094876747,
1.48E+18,-0.015486197,
1.48E+18,-0.032686488,
1.48E+18,-0.061857709,
1.48E+18,0.088844371,
1.48E+18,-0.070517226,
1.48E+18,-0.034370998,
1.48E+18,0.052400626,
1.48E+18,-0.034939376,
1.48E+18,-0.037681849,
1.48E+18,-0.018132639,
1.48E+18,0.080501013,
1.48E+18,0.090329533,
1.48E+18,-0.07287175,
1.48E+18,-0.087336245,
1.48E+18,0.062066058,
1.48E+18,0.07383894,
1.48E+18,-0.038657139,
1.48E+18,-0.006203987,
1.48E+18,0.026159723,
1.48E+18,-0.039090773,
1.48E+18,-0.007355008,
1.48E+18,0.070451376,
1.48E+18,-0.077573319,
1.48E+18,0.097318962,
1.48E+18,0.021068926,
1.48E+18,-0.087372842,
1.48E+18,-0.04955628,
1.48E+18,0.004356501,
1.48E+18,0.050134783,
1.48E+18,-0.022485886,
1.48E+18,-0.048603099,
1.48E+18,0.071195477,
1.48E+18,-0.071391491,
1.48E+18,0.096804481,
1.48E+18,-0.021841759,
1.48E+18,0.011089672,
1.48E+18,-0.005805935,
1.48E+18,0.000711089,
1.48E+18,-0.032059828,
1.48E+18,0.032305715,
1.48E+18,-0.009031752,
1.48E+18,-0.018818141,
1.48E+18,0.002262303,
1.48E+18,-0.075877773,
1.48E+18,-0.072970311,
1.48E+18,0.083720392,
1.48E+18,-0.061277202,
1.48E+18,-0.003031874,
1.48E+18,0.094572222,
1.48E+18,0.021353445,
1.48E+18,0.068581732,
1.48E+18,-0.076594838,
1.48E+18,0.052591916,
1.48E+18,-0.059377003,
1.48E+18,-0.095303465,
1.48E+18,-0.015663438,
1.48E+18,0.062946937,
1.48E+18,-0.033369521,
1.48E+18,-0.038651688,
1.48E+18,0.047910018,
1.48E+18,-0.089772299,
1.48E+18,-0.071363721,
1.48E+18,-0.095063103,
1.48E+18,0.085625887,
1.48E+18,0.057949116,
1.48E+18,0.034005427,
1.48E+18,0.046634481,
1.48E+18,0.023725172,
1.48E+18,-0.046681557,
1.48E+18,-0.026796849,
1.48E+18,0.034539549,
1.48E+18,-0.058873472,
1.48E+18,-0.084406943,
1.48E+18,0.084296216,
1.48E+18,-0.017461146,
1.48E+18,-0.080910659,
1.48E+18,-0.009764543,
1.48E+18,0.081309768,
1.48E+18,0.098299359,
1.48E+18,0.078546002,
1.48E+18,-0.025964318,
1.48E+18,0.093275149,
1.48E+18,0.022682965,
1.48E+18,-0.090219194,
1.48E+18,0.006697024,
1.48E+18,0.064701247,
1.48E+18,0.091739214,
1.48E+18,-0.071509966,
1.48E+18,-0.068883879,
1.48E+18,0.097282454,
1.48E+18,0.039669652,
1.48E+18,0.006311565,
1.48E+18,-0.07445284,
1.48E+18,-0.003985723,
1.48E+18,-0.051821668,
1.48E+18,-0.078531322,
1.48E+18,0.019816593,
1.48E+18,-0.015500575,
1.48E+18,0.006983345,
1.48E+18,-0.092555695,
1.48E+18,-0.096629315,
1.48E+18,-0.052225946,
1.48E+18,0.07892602,
1.48E+18,-0.011473464,
1.48E+18,0.039508882,
1.48E+18,0.04305755,
1.48E+18,0.038687788,
1.48E+18,0.030947252,
1.48E+18,0.053777803,
1.48E+18,0.050982442,
1.48E+18,-0.002052588,
1.48E+18,0.0222858,
1.48E+18,0.047117106,
1.48E+18,0.064642526,
1.48E+18,-0.09257723,
1.48E+18,-0.082328685,
1.48E+18,-0.068031754,
1.48E+18,-0.046809494,
1.48E+18,0.022722927,
1.48E+18,-0.018785435,
1.48E+18,0.024083994,
1.48E+18,-0.060783973,
1.48E+18,0.088230042,
1.48E+18,0.082044236,
1.48E+18,0.008599525,
1.48E+18,0.094422454,
1.48E+18,-0.087567747,
1.48E+18,0.080819387,
1.48E+18,0.059283819,
1.48E+18,-0.057160908,
1.48E+18,-0.067230736,
1.48E+18,0.027572388,
1.48E+18,0.046209338,
1.48E+18,-0.030624474,
1.48E+18,-0.095356332,
1.48E+18,-0.090414667,
1.48E+18,0.03363469,
1.48E+18,-0.07444162,
1.48E+18,0.092091483,
1.48E+18,-0.091070311,
1.48E+18,0.030311951,
1.48E+18,-0.066845103,
1.48E+18,-0.035478529,
1.48E+18,0.000505436,
1.48E+18,-0.096320804,
1.48E+18,-0.042446421,
1.48E+18,0.032555579,
1.48E+18,0.097784098,
1.48E+18,-0.001896676,
1.48E+18,-0.082659456,
1.48E+18,-0.008445547,
1.48E+18,-0.082311493,
1.48E+18,-0.001406046,
1.48E+18,-0.081464811,
1.48E+18,0.08279562,
1.48E+18,-0.025870344,
1.48E+18,0.019873583,
1.48E+18,0.00999606,
1.48E+18,0.010363135,
1.48E+18,0.051484222,
1.48E+18,-0.055364599,
1.48E+18,0.054632101,
1.48E+18,0.085364738,
1.48E+18,0.005771691,
1.48E+18,-0.028301862,
1.48E+18,-0.039542534,
1.48E+18,0.042589602,
1.48E+18,0.000679935,
1.48E+18,-0.03350296,
1.48E+18,-0.032508631,
1.48E+18,-0.028894144,
1.48E+18,-0.059343742,
1.48E+18,0.050811366,
1.48E+18,-0.061941666,
1.48E+18,0.003415985,
1.48E+18,0.001223286,
1.48E+18,-0.078497544,
1.48E+18,-0.056572467,
1.48E+18,-0.066892036,
1.48E+18,0.091767643,
1.48E+18,0.040205421,
1.48E+18,-0.038587194,
1.48E+18,0.001791373,
1.48E+18,0.075134118,
1.48E+18,-0.076577221,
1.48E+18,-0.041620335,
1.48E+18,-0.085367581,
1.48E+18,0.036492207,
1.48E+18,0.097006736,
1.48E+18,-0.050536434,
1.48E+18,-0.0012748,
1.48E+18,0.0878931,
1.48E+18,-0.08983246,
1.48E+18,0.010947533,
1.48E+18,-0.034205615,
1.48E+18,0.052973175,
1.48E+18,-0.074232943,
1.48E+18,-0.051004297,
1.48E+18,-0.041235371,
1.48E+18,0.036667694,
1.48E+18,-0.071861239,
1.48E+18,0.05850856,
1.48E+18,0.067159672,
1.48E+18,0.000153455,
1.48E+18,-0.016134006,
1.48E+18,-0.014287915,
1.48E+18,0.059987651,
1.48E+18,-0.015744188,
1.48E+18,0.084372281,
1.48E+18,-0.057478694,
1.48E+18,-0.018148884,
1.48E+18,-0.093524731,
1.48E+18,0.096648775,
1.48E+18,-0.089487226,
1.48E+18,0.099877066,
1.48E+18,-0.043208613,
1.48E+18,0.025855703,
1.48E+18,-0.084603498,
1.48E+18,-0.0721112,
1.48E+18,-0.017084023,
1.48E+18,0.003119051,
1.48E+18,-0.03056148,
1.48E+18,0.06815949,
1.48E+18,0.089239365,
1.48E+18,0.087579394,
1.48E+18,-0.028390605,
1.48E+18,0.079274753,
1.48E+18,0.015437861,
1.48E+18,-0.020568355,
1.48E+18,0.024855439,
1.48E+18,-0.016319058,
1.48E+18,0.080644945,
1.48E+18,0.057711492,
1.48E+18,-0.002697387,
1.48E+18,-0.031994661,
1.48E+18,0.004167047,
1.48E+18,-0.082452329,
1.48E+18,-0.055674647,
1.48E+18,-0.092466191,
1.48E+18,-0.09042644,
1.48E+18,0.004507186,
1.48E+18,0.002950875,
1.48E+18,0.039816586,
1.48E+18,0.002910859,
1.48E+18,0.057836836,
1.48E+18,-0.01519091,
1.48E+18,-0.075921114,
1.48E+18,0.0440754,
1.48E+18,0.006372189,
1.48E+18,0.0788298,
1.48E+18,-0.050188412,
1.48E+18,0.026490876,
1.48E+18,0.016895959,
1.48E+18,-0.036776675,
1.48E+18,-0.042540021,
1.48E+18,-0.027077695,
1.48E+18,-0.061570057,
1.48E+18,-0.071323351,
1.48E+18,0.069645588,
1.48E+18,-0.051463746,
1.48E+18,0.020889276,
1.48E+18,0.078228568,
1.48E+18,-0.060937291,
1.48E+18,0.024593882,
1.48E+18,-0.007706825,
1.48E+18,-0.057137561,
1.48E+18,0.089951349,
1.48E+18,0.07634965,
1.48E+18,-0.032778173,
1.48E+18,-0.012420971,
1.48E+18,-6.89E-05,
1.48E+18,0.001188265,
1.48E+18,-0.077380074,
1.48E+18,-0.024850852,
1.48E+18,-0.054317948,
1.48E+18,-0.09510181,
1.48E+18,-0.084640033,
1.48E+18,-0.050082526,
1.48E+18,-0.075110269,
1.48E+18,0.062951889,
1.48E+18,-0.055217519,
1.48E+18,-0.05267223,
1.48E+18,0.040185688,
1.48E+18,0.012694479,
1.48E+18,-0.097003004,
1.48E+18,0.002600515,
1.48E+18,0.091366943,
1.48E+18,0.080344305,
1.48E+18,-0.048329578,
1.48E+18,0.098235373,
1.48E+18,0.008985254,
1.48E+18,-0.056307334,
1.48E+18,-0.039523484,
1.48E+18,0.070252999,
1.48E+18,0.014221027,
1.48E+18,0.087608136,
1.48E+18,-0.091934356,
1.48E+18,0.075389834,
1.48E+18,0.023416212,
1.48E+18,-0.03425869,
1.48E+18,0.040318071,
1.48E+18,0.007126891,
1.48E+18,0.040440496,
1.48E+18,-0.043974943,
1.48E+18,-0.028177049,
1.48E+18,0.082801636,
1.48E+18,-0.045405717,
1.48E+18,-0.030281647,
1.48E+18,-0.018349259,
1.48E+18,0.094957148,
1.48E+18,-0.075547158,
1.48E+18,0.061094711,
1.48E+18,-0.071231952,
1.48E+18,0.081200238,
1.48E+18,-0.040511771,
1.48E+18,-0.066163393,
1.48E+18,-0.078383411,
1.48E+18,-0.023014405,
1.48E+18,0.012585804,
1.48E+18,-0.097505318,
1.48E+18,0.014315718,
1.48E+18,0.000361543,
1.48E+18,0.06515947,
1.48E+18,0.072534927,
1.48E+18,-0.013017971,
1.48E+18,-0.021721008,
1.48E+18,0.043624599,
1.48E+18,0.047642874,
1.48E+18,-0.079615436,
1.48E+18,-0.037570745,
1.48E+18,-0.083489123,
1.48E+18,0.03541017,
1.48E+18,-0.083221948,
1.48E+18,-0.034411765,
1.48E+18,0.034002557,
1.48E+18,-0.007863302,
1.48E+18,-0.085960985,
1.48E+18,-0.074087259,
1.48E+18,-0.055013137,
1.48E+18,0.014791407,
1.48E+18,0.008083789,
1.48E+18,-0.087781834,
1.48E+18,-0.079885621,
1.48E+18,-0.056537802,
1.48E+18,-0.062532869,
1.48E+18,-0.026585939,
1.48E+18,-0.077128181,
1.48E+18,-0.097016959,
1.48E+18,0.00130862,
1.48E+18,0.005902887,
1.48E+18,-0.068966855,
1.48E+18,-0.061366852,
1.48E+18,-0.097190762,
1.48E+18,0.091283511,
1.48E+18,-0.002872672,
1.48E+18,0.009104283,
1.48E+18,0.025604583,
1.48E+18,-0.047083857,
1.48E+18,0.067404658,
1.48E+18,-0.024210963,
1.48E+18,-0.030300077,
1.48E+18,0.068414245,
1.48E+18,-0.014437235,
1.48E+18,-0.016968322,
1.48E+18,-0.044115544,
1.48E+18,-0.017686555,
1.48E+18,0.029576238,
1.48E+18,-0.038452656,
1.48E+18,0.070900853,
1.48E+18,-0.097982811,
1.48E+18,0.080323617,
1.48E+18,0.000095608,
1.48E+18,0.058897448,
1.48E+18,-0.041516886,
1.48E+18,-0.006474939,
1.48E+18,-0.013001538,
1.48E+18,-0.079944901,
1.48E+18,0.017617529,
1.48E+18,-0.067367647,
1.48E+18,0.023763275,
1.48E+18,-0.037485293,
1.48E+18,-0.070203068,
1.48E+18,0.055190431,
1.48E+18,0.04710489,
1.48E+18,-0.039983792,
1.48E+18,-0.017126048,
1.48E+18,-0.000404975,
1.48E+18,0.030262577,
1.48E+18,-0.017449017,
1.48E+18,0.025047171,
1.48E+18,-0.022890519,
1.48E+18,0.036515973,
1.48E+18,-0.019170718,
1.48E+18,0.027308648,
1.48E+18,0.016746742,
1.48E+18,0.079603841,
1.48E+18,-0.019243826,
1.48E+18,0.092801646,
1.48E+18,-0.004101469,
1.48E+18,0.016040924,
1.48E+18,-0.053483686,
1.48E+18,-0.020887193,
1.48E+18,0.077708515,
1.48E+18,0.014040522,
1.48E+18,-0.00100156,
1.48E+18,0.070196402,
1.48E+18,-0.066723398,
1.48E+18,0.075847759,
1.48E+18,0.003838522,
1.48E+18,-0.009495082,
1.48E+18,-0.081503487,
1.48E+18,-0.019782099,
1.48E+18,0.084981042,
1.48E+18,0.004699035,
1.48E+18,-0.066963682,
1.48E+18,-0.087718693,
1.48E+18,-0.088946566,
1.48E+18,0.074719062,
1.48E+18,-0.010656567,
1.48E+18,-0.053130299,
1.48E+18,0.037529348,
1.48E+18,0.007271799,
1.48E+18,0.080516409,
1.48E+18,-0.075419565,
1.48E+18,0.070442947,
1.48E+18,-0.006812536,
1.48E+18,-0.014669112,
1.48E+18,0.008080901,
1.48E+18,-0.004888681,
1.48E+18,-0.073954806,
1.48E+18,0.071929385,
1.48E+18,0.06487778,
1.48E+18,-0.063072931,
1.48E+18,0.059820905,
1.48E+18,-0.010247137,
1.48E+18,-0.025981223,
1.48E+18,-0.03984836,
1.48E+18,0.073288843,
1.48E+18,0.078568921,
1.48E+18,0.056161158,
1.48E+18,0.047189207,
1.48E+18,-0.020716115,
1.48E+18,-0.008772301,
1.48E+18,-0.028058616,
1.48E+18,-0.041172427,
1.48E+18,0.032862226,
1.48E+18,0.009830065,
1.48E+18,0.023521626,
1.48E+18,-0.033530839,
1.48E+18,0.080801007,
1.48E+18,-0.054580688,
1.48E+18,-0.064721405,
1.48E+18,0.083375843,
1.48E+18,-0.05169354,
1.48E+18,-0.024816047,
1.48E+18,0.070947135,
1.48E+18,0.05976361,
1.48E+18,-0.084362412,
1.48E+18,0.049722915,
1.48E+18,0.009691366,
1.48E+18,-0.091438662,
1.48E+18,-0.004690231,
1.48E+18,-0.097606055,
1.48E+18,0.095751482,
1.48E+18,-0.012848352,
1.48E+18,0.06148514,
1.48E+18,0.074326507,
1.48E+18,-0.084173203,
1.48E+18,0.031061116,
1.48E+18,0.054606105,
1.48E+18,0.017496792,
1.48E+18,-0.010787769,
1.48E+18,-0.078304893,
1.48E+18,0.034215594,
1.48E+18,-0.068186428,
1.48E+18,-0.075347835,
1.48E+18,0.033804892,
1.48E+18,-0.062680232,
1.48E+18,-0.060474291,
1.48E+18,0.082920991,
1.48E+18,-0.018559157,
1.48E+18,-0.041174429,
1.48E+18,0.061146226,
1.48E+18,-0.091363123,
1.48E+18,0.088392279,
1.48E+18,0.068502419,
1.48E+18,-0.04238366,
1.48E+18,0.081143352,
1.48E+18,0.072024521,
1.48E+18,-0.065700358,
1.48E+18,-0.035146259,
1.48E+18,-0.063965971,
1.48E+18,-0.091541996,
1.48E+18,0.033410614,
1.48E+18,0.075333192,
1.48E+18,0.088820539,
1.48E+18,-0.030258779,
1.48E+18,0.091168659,
1.48E+18,0.010249962,
1.48E+18,0.06629826,
1.48E+18,-0.063395639,
1.48E+18,-0.015205785,
1.48E+18,-0.048572307,
1.48E+18,0.067423933,
1.48E+18,0.037077989,
1.48E+18,-0.074460689,
1.48E+18,-0.08412675,
1.48E+18,0.034542259,
1.48E+18,-0.089143738,
1.48E+18,0.069556171,
1.48E+18,0.025831941,
1.48E+18,0.095019127,
1.48E+18,-0.021187748,
1.48E+18,-0.06430523,
1.48E+18,0.038665999,
1.48E+18,0.060153037,
1.48E+18,-0.042831604,
1.48E+18,-0.048837314,
1.48E+18,0.06949359,
1.48E+18,-0.014698115,
1.48E+18,0.011788158,
1.48E+18,0.011603804,
1.48E+18,0.014664417,
1.48E+18,-0.052245077,
1.48E+18,-0.018702648,
1.48E+18,-0.064219676,
1.48E+18,-0.045220326,
1.48E+18,0.088115488,
1.48E+18,0.02651621,
1.48E+18,-0.039187226,
1.48E+18,0.006859949,
1.48E+18,-0.070817109,
1.48E+18,0.024728774,
1.48E+18,-0.024492161,
1.48E+18,0.003688074,
1.48E+18,0.043019478,
1.48E+18,0.056615343,
1.48E+18,-0.069174704,
1.48E+18,0.082210094,
1.48E+18,0.049611847,
1.48E+18,-0.036952456,
1.48E+18,-0.098498549,
1.48E+18,-0.072475054,
1.48E+18,-0.042106698,
1.48E+18,0.062832057,
1.48E+18,0.003322673,
1.48E+18,0.050430612,
1.48E+18,0.046972352,
1.48E+18,0.067398636,
1.48E+18,-0.076675532,
1.48E+18,-0.034481909,
1.48E+18,-0.089948311,
1.48E+18,-0.017589211,
1.48E+18,0.053162049,
1.48E+18,0.093386091,
1.48E+18,0.094148784,
1.48E+18,0.070276622,
1.48E+18,-0.052584614,
1.48E+18,-0.087009298,
1.48E+18,0.061473651,
1.48E+18,-0.076074127,
1.48E+18,-0.098632271,
1.48E+18,-0.072491537,
1.48E+18,0.033362827,
1.48E+18,-0.041453292,
1.48E+18,0.086262883,
1.48E+18,-0.083612219,
1.48E+18,0.015225487,
1.48E+18,-0.021901893,
1.48E+18,-0.090588655,
1.48E+18,-0.094414423,
1.48E+18,0.043883322,
1.48E+18,0.017906421,
1.48E+18,0.05125943,
1.48E+18,-0.089129592,
1.48E+18,0.078099444,
1.48E+18,0.014230167,
1.48E+18,0.042659668,
1.48E+18,0.036614408,
1.48E+18,-0.059271083,
1.48E+18,0.035653719,
1.48E+18,0.086103873,
1.48E+18,0.020455053,
1.48E+18,0.007861356,
1.48E+18,-0.078805913,
1.48E+18,0.004129365,
1.48E+18,-0.038444524,
1.48E+18,0.032445495,
1.48E+18,-0.000584644,
1.48E+18,0.065600064,
1.48E+18,-0.073876939,
1.48E+18,0.05864651,
1.48E+18,0.082656054,
1.48E+18,0.09706745,
1.48E+18,-0.038781497,
1.48E+18,0.010276628,
1.48E+18,-0.073192332,
1.48E+18,0.048305006,
1.48E+18,0.024070094,
1.48E+18,0.063958749,
1.48E+18,-0.091431799,
1.48E+18,0.066803188,
1.48E+18,0.036247695,
1.48E+18,0.082062673,
1.48E+18,0.009612263,
1.48E+18,0.084730272,
1.48E+18,-0.026196633,
1.48E+18,0.039301185,
1.48E+18,-0.015449721,
1.48E+18,0.013152309,
1.48E+18,0.051576551,
1.48E+18,-0.024857367,
1.48E+18,-0.018008345,
1.48E+18,0.002875006,
1.48E+18,-0.054237139,
1.48E+18,0.018657305,
1.48E+18,0.048570079,
1.48E+18,-0.060362368,
1.48E+18,-0.086108779,
1.48E+18,0.095658028,
1.48E+18,0.07393123,
1.48E+18,-0.078125408,
1.48E+18,0.042642193,
1.48E+18,0.081247758,
1.48E+18,0.015896859,
1.48E+18,0.095085797,
1.48E+18,-0.013162039,
1.48E+18,-0.014921051,
1.48E+18,-0.056336037,
1.48E+18,-0.046138622,
1.48E+18,-0.079462758,
1.48E+18,-0.051037364,
1.48E+18,-0.037241948,
1.48E+18,-0.023781626,
1.48E+18,-0.011176781,
1.48E+18,0.006830809,
1.48E+18,0.081141586,
1.48E+18,0.091239975,
1.48E+18,-0.072894863,
1.48E+18,0.062580285,
1.48E+18,-0.052179163,
1.48E+18,-0.052672325,
1.48E+18,0.032942412,
1.48E+18,-0.052969178,
1.48E+18,-0.064762268,
1.48E+18,0.000351141,
1.48E+18,0.054200579,
1.48E+18,-0.016382084,
1.48E+18,0.06819195,
1.48E+18,-0.076593853,
1.48E+18,0.052652925,
1.48E+18,0.012208304,
1.48E+18,0.082126056,
1.48E+18,0.040884993,
1.48E+18,0.017865236,
1.48E+18,0.070724458,
1.48E+18,0.007788785,
1.48E+18,-0.077368481,
1.48E+18,-0.077255829,
1.48E+18,-0.039759339,
1.48E+18,-0.005403225,
1.48E+18,-0.02973953,
1.48E+18,0.05434624,
1.48E+18,-0.08170923,
1.48E+18,0.041426656,
1.48E+18,0.00776856,
1.48E+18,-0.023125904,
1.48E+18,0.065425743,
1.48E+18,0.087470809,
1.48E+18,-0.026558101,
1.48E+18,-0.003501186,
1.48E+18,-0.006279894,
1.48E+18,0.098195668,
1.48E+18,0.094167587,
1.48E+18,-0.029772215,
1.48E+18,-0.063111184,
1.48E+18,0.070340698,
1.48E+18,0.032477652,
1.48E+18,0.055289451,
1.48E+18,-0.082378654,
1.48E+18,0.097306507,
1.48E+18,0.075915202,
1.48E+18,-0.060929303,
1.48E+18,-0.045242671,
1.48E+18,-0.049234583,
1.48E+18,-0.010810951,
1.48E+18,0.050391191,
1.48E+18,-0.021133309,
1.48E+18,0.029165203,
1.48E+18,-0.052729173,
1.48E+18,-0.005929922,
1.48E+18,-0.086671619,
1.48E+18,-0.032494397,
1.48E+18,0.064848953,
1.48E+18,-0.078814442,
1.48E+18,-0.031490896,
1.48E+18,0.030596296,
1.48E+18,-0.0200275,
1.48E+18,0.070402349,
1.48E+18,-0.038391789,
1.48E+18,0.030726587,
1.48E+18,0.013674716,
1.48E+18,-0.072523523,
1.48E+18,0.003964353,
1.48E+18,0.045448796,
1.48E+18,-0.085997501,
1.48E+18,-0.04802215,
1.48E+18,0.078293209,
1.48E+18,0.006114199,
1.48E+18,-0.025488066,
1.48E+18,0.001174885,
1.48E+18,0.067503513,
1.48E+18,0.008782288,
1.48E+18,-0.008448579,
1.48E+18,0.084204731,
1.48E+18,-0.09749813,
1.48E+18,-0.076342442,
1.48E+18,-0.091378845,
1.48E+18,-0.068751905,
1.48E+18,-0.073808136,
1.48E+18,0.02311018,
1.48E+18,-0.050971857,
1.48E+18,-0.071033781,
1.48E+18,0.021477084,
1.48E+18,-0.003079593,
1.48E+18,-0.012087775,
1.48E+18,0.033714837,
1.48E+18,-0.018789073,
1.48E+18,-0.021741267,
1.48E+18,0.04113992,
1.48E+18,0.034536598,
1.48E+18,0.092711464,
1.48E+18,-0.035235893,
1.48E+18,0.099784137,
1.48E+18,-0.096265299,
1.48E+18,-0.018288795,
1.48E+18,0.013466881,
1.48E+18,-0.022579935,
1.48E+18,0.032274453,
1.48E+18,-0.036171401,
1.48E+18,0.06788019,
1.48E+18,-0.075536873,
1.48E+18,0.074759658,
1.48E+18,-0.093831975,
1.48E+18,-0.096295573,
1.48E+18,0.044616829,
1.48E+18,-0.029354568,
1.48E+18,-0.041566829,
1.48E+18,-0.060062203,
1.48E+18,0.043174959,
1.48E+18,-0.049114354,
1.48E+18,0.01393448,
1.48E+18,-0.080229788,
1.48E+18,0.003205199,
1.48E+18,-0.040229539,
1.48E+18,-0.06219126,
1.48E+18,0.039781109,
1.48E+18,0.080108176,
1.48E+18,0.037829377,
1.48E+18,0.093427478,
1.48E+18,-0.073412731,
1.48E+18,-0.055405288,
1.48E+18,-0.063087439,
1.48E+18,0.063218336,
1.48E+18,-0.091671278,
1.48E+18,-0.076543587,
1.48E+18,-0.017655263,
1.48E+18,-0.023360025,
1.48E+18,0.02454377,
1.48E+18,0.019689349,
1.48E+18,-0.071063232,
1.48E+18,0.038662519,
1.48E+18,0.095878894,
1.48E+18,-0.068243615,
1.48E+18,0.046972199,
1.48E+18,0.051351783,
1.48E+18,0.030738745,
1.48E+18,-0.067121944,
1.48E+18,-0.013304182,
1.48E+18,0.077854731,
1.48E+18,0.061018277,
1.48E+18,-0.0592233,
1.48E+18,0.033993025,
1.48E+18,-0.025310742,
1.48E+18,0.020771674,
1.48E+18,0.078179479,
1.48E+18,0.0635425,
1.48E+18,-0.007596705,
1.48E+18,-0.065916941,
1.48E+18,-0.097182042,
1.48E+18,0.051115284,
1.48E+18,-0.018915353,
1.48E+18,-0.032782051,
1.48E+18,-0.037657919,
1.48E+18,-0.021897939,
1.48E+18,-0.021209436,
1.48E+18,-0.001216779,
1.48E+18,0.023400332,
1.48E+18,0.004245292,
1.48E+18,-0.00973626,
1.48E+18,0.047739595,
1.48E+18,-0.019723062,
1.48E+18,0.037799972,
1.48E+18,-0.085543306,
1.48E+18,0.02298677,
1.48E+18,0.033328248,
1.48E+18,-0.00059152,
1.48E+18,0.006504678,
1.48E+18,-0.027420794,
1.48E+18,-0.070956144,
1.48E+18,0.088307331,
1.48E+18,-0.076888325,
1.48E+18,0.012693955,
1.48E+18,-0.098379461,
1.48E+18,0.000871162,
1.48E+18,0.093888879,
1.48E+18,0.038081851,
1.48E+18,0.009225137,
1.48E+18,0.078112619,
1.48E+18,-0.085579314,
1.48E+18,0.024412605,
1.48E+18,-0.026165058,
1.48E+18,0.094632454,
1.48E+18,0.023734353,
1.48E+18,-0.071314227,
1.48E+18,-0.082459115,
1.48E+18,0.084286491,
1.48E+18,0.064405161,
1.48E+18,0.070258752,
1.48E+18,-0.004649008,
1.48E+18,0.058653395,
1.48E+18,-0.044422959,
1.48E+18,0.095583555,
1.48E+18,0.007961593,
1.48E+18,-0.013159681,
1.48E+18,0.039323007,
1.48E+18,-0.012889892,
1.48E+18,-0.080070424,
1.48E+18,-0.098403885,
1.48E+18,-0.062601654,
1.48E+18,-0.069826339,
1.48E+18,-0.038830148,
1.48E+18,-0.078590033,
1.48E+18,-0.019450888,
1.48E+18,-0.065896715,
1.48E+18,0.000466423,
1.48E+18,-0.04364075,
1.48E+18,-0.083617552,
1.48E+18,-0.030874679,
1.48E+18,0.027401348,
1.48E+18,-0.033808916,
1.48E+18,-0.03726571,
1.48E+18,0.039873645,
1.48E+18,0.004685431,
1.48E+18,-0.081479602,
1.48E+18,-0.005424698,
1.48E+18,0.052240603,
1.48E+18,0.055095556,
1.48E+18,-0.055433307,
1.48E+18,0.064741888,
1.48E+18,-0.09982111,
1.48E+18,-0.09415082,
1.48E+18,-0.043550425,
1.48E+18,0.05704431,
1.48E+18,0.094825565,
1.48E+18,-0.069549974,
1.48E+18,0.053694693,
1.48E+18,-0.061741775,
1.48E+18,-0.071035751,
1.48E+18,0.080177466,
1.48E+18,-0.025761026,
1.48E+18,0.075754121,
1.48E+18,-0.007565409,
1.48E+18,0.005911126,
1.48E+18,0.072612779,
1.48E+18,-0.016080416,
1.48E+18,0.050148867,
1.48E+18,0.04758385,
1.48E+18,0.079890034,
1.48E+18,-0.023322002,
1.48E+18,0.02736036,
1.48E+18,-0.093487994,
1.48E+18,-0.023697677,
1.48E+18,0.012621511,
1.48E+18,0.026523556,
1.48E+18,0.022465377,
1.48E+18,0.012265882,
1.48E+18,-0.015053389,
1.48E+18,0.065221734,
1.48E+18,0.049739813,
1.48E+18,0.066102032,
1.48E+18,-0.063797642,
1.48E+18,0.005929923,
1.48E+18,-0.084188223,
1.48E+18,0.027227058,
1.48E+18,0.057749139,
1.48E+18,0.036473114,
1.48E+18,0.031656475,
1.48E+18,-0.012598616,
1.48E+18,-0.092772948,
1.48E+18,0.04150899,
1.48E+18,-0.035388727,
1.48E+18,0.03707821,
1.48E+18,-0.035842271,
1.48E+18,0.023652913,
1.48E+18,-0.07662793,
1.48E+18,-0.022750339,
1.48E+18,-0.055076984,
1.48E+18,-0.011537918,
1.48E+18,-0.021257652,
1.48E+18,-0.060815563,
1.48E+18,-0.004837103,
1.48E+18,-0.041140411,
1.48E+18,-0.056987525,
1.48E+18,0.068310456,
1.48E+18,0.029829402,
1.48E+18,-0.062572683,
1.48E+18,-0.006335355,
1.48E+18,0.079725145,
1.48E+18,-0.030261906,
1.48E+18,-0.095376032,
1.48E+18,0.0230137,
1.48E+18,0.099703154,
1.48E+18,0.085511706,
1.48E+18,0.064785882,
1.48E+18,0.014860555,
1.48E+18,0.061436981,
1.48E+18,-0.074001287,
1.48E+18,-0.097805611,
1.48E+18,0.065873372,
1.48E+18,0.023839619,
1.48E+18,-0.03846706,
1.48E+18,-0.05888511,
1.48E+18,-0.007246262,
1.48E+18,-0.006210322,
1.48E+18,-0.092397057,
1.48E+18,0.038455113,
1.48E+18,-0.093123826,
1.48E+18,0.005503366,
1.48E+18,-0.082640714,
1.48E+18,0.027201854,
1.48E+18,-0.079145887,
1.48E+18,0.080365065,
1.48E+18,-0.007158918,
1.48E+18,-0.044626282,
1.48E+18,0.003741045,
1.48E+18,0.014108481,
1.48E+18,0.095716878,
1.48E+18,-0.093571449,
1.48E+18,0.063356042,
1.48E+18,0.096934865,
1.48E+18,0.097743468,
1.48E+18,0.096647703,
1.48E+18,0.056521414,
1.48E+18,-0.005975316,
1.48E+18,-0.071133059,
1.48E+18,-0.089685157,
1.48E+18,0.084529217,
1.48E+18,0.014937156,
1.48E+18,0.066919939,
1.48E+18,0.083370758,
1.48E+18,0.012475223,
1.48E+18,0.022028012,
1.48E+18,0.03696536,
1.48E+18,-0.086506431,
1.48E+18,0.075272126,
1.48E+18,-0.063478661,
1.48E+18,0.089065884,
1.48E+18,-0.076355203,
1.48E+18,-0.055134286,
1.48E+18,0.077429056,
1.48E+18,-0.08787187,
1.48E+18,0.026286528,
1.48E+18,-0.038778829,
1.48E+18,0.091206496,
1.48E+18,-0.062690217,
1.48E+18,-0.027568796,
1.48E+18,0.070993805,
1.48E+18,0.003526328,
1.48E+18,-0.012904087,
1.48E+18,-0.094928732,
1.48E+18,-0.091988144,
1.48E+18,-0.063280545,
1.48E+18,-0.014353472,
1.48E+18,-0.052788106,
1.48E+18,-0.045038356,
1.48E+18,-0.013560824,
1.48E+18,0.092992526,
1.48E+18,-0.093009018,
1.48E+18,0.071100216,
1.48E+18,0.081462796,
1.48E+18,-0.033429878,
1.48E+18,0.083244818,
1.48E+18,0.003505692,
1.48E+18,-0.002689092,
1.48E+18,0.049458013,
1.48E+18,-0.033152969,
1.48E+18,0.036161057,
1.48E+18,0.081240387,
1.48E+18,0.051309484,
1.48E+18,0.031740111,
1.48E+18,-0.033537686,
1.48E+18,0.063615838,
1.48E+18,-0.070085404,
1.48E+18,-0.021116386,
1.48E+18,0.04592674,
1.48E+18,-0.094150734,
1.48E+18,-0.062918438,
1.48E+18,-0.00477767,
1.48E+18,0.080941908,
1.48E+18,0.089484765,
1.48E+18,-0.099925191,
1.48E+18,-0.054927086,
1.48E+18,-0.044388334,
1.48E+18,-0.019957,
1.48E+18,-0.05850939,
1.48E+18,-0.036682549,
1.48E+18,0.08146612,
1.48E+18,0.073129369,
1.48E+18,0.068916726,
1.48E+18,-0.071010369,
1.48E+18,0.071963364,
1.48E+18,0.081318896,
1.48E+18,-0.001083494,
1.48E+18,-0.056497118,
1.48E+18,-0.028954742,
1.48E+18,0.089278438,
1.48E+18,0.096344935,
1.48E+18,0.027057276,
1.48E+18,0.001712595,
1.48E+18,0.087476397,
1.48E+18,0.077551036,
1.48E+18,-0.0086744,
1.48E+18,0.084740745,
1.48E+18,0.062192968,
1.48E+18,0.029419099,
1.48E+18,0.001642437,
1.48E+18,-0.06437474,
1.48E+18,0.02390919,
1.48E+18,-0.012766891,
1.48E+18,0.019189855,
1.48E+18,-0.041596921,
1.48E+18,-0.061296873,
1.48E+18,-0.020904805,
1.48E+18,-0.019215634,
1.48E+18,-0.020034813,
1.48E+18,-0.094090093,
1.48E+18,0.059442248,
1.48E+18,-0.077959573,
1.48E+18,-0.078257446,
1.48E+18,-0.084945353,
1.48E+18,0.085631133,
1.48E+18,-0.019456265,
1.48E+18,0.049106807,
1.48E+18,0.087847493,
1.48E+18,0.013437662,
1.48E+18,-0.037037258,
1.48E+18,-0.004385143,
1.48E+18,0.078583659,
1.48E+18,-0.025241631,
1.48E+18,0.041740349,
1.48E+18,-0.007018882,
1.48E+18,-0.000269033,
1.48E+18,-0.079935551,
1.48E+18,0.01524069,
1.48E+18,0.085882819,
1.48E+18,-0.023788439,
1.48E+18,0.044521548,
1.48E+18,0.045692429,
1.48E+18,-0.095037321,
1.48E+18,-0.03898791,
1.48E+18,0.001842468,
1.48E+18,0.03910696,
1.48E+18,-0.053688019,
1.48E+18,-0.057232807,
1.48E+18,-0.069483329,
1.48E+18,-0.0610923,
1.48E+18,0.017874208,
1.48E+18,0.037794566,
1.48E+18,-0.078851721,
1.48E+18,-0.03378193,
1.48E+18,0.001449584,
1.48E+18,-0.07014159,
1.48E+18,-0.002524501,
1.48E+18,-0.053469292,
1.48E+18,-0.035069805,
1.48E+18,-0.063851074,
1.48E+18,0.072400205,
1.48E+18,-0.017501649,
1.48E+18,0.017935889,
1.48E+18,0.038478769,
1.48E+18,-0.014695768,
1.48E+18,0.069378241,
1.48E+18,0.079275459,
1.48E+18,-0.018676324,
1.48E+18,-0.033817231,
1.48E+18,0.029572961,
1.48E+18,0.094041501,
1.48E+18,-0.027954493,
1.48E+18,0.06849132,
1.48E+18,0.000297748,
1.48E+18,-0.070468311,
1.48E+18,0.070993515,
1.48E+18,0.063887925,
1.48E+18,-0.022316705,
1.48E+18,-0.036494609,
1.48E+18,0.099735349,
1.48E+18,0.002718377,
1.48E+18,0.03224385,
1.48E+18,-0.026030663,
1.48E+18,0.040287626,
1.48E+18,0.022777775,
1.48E+18,-0.053563792,
1.48E+18,0.083407213,
1.48E+18,-0.036790934,
1.48E+18,0.089397778,
1.48E+18,0.084194256,
1.48E+18,0.056411757,
1.48E+18,-0.04777609,
1.48E+18,0.034295128,
1.48E+18,-0.075604334,
1.48E+18,-0.066614538,
1.48E+18,0.051091317,
1.48E+18,-0.012846828,
1.48E+18,-0.074542455,
1.48E+18,-0.091229693,
1.48E+18,-0.001499815,
1.48E+18,0.014146489,
1.48E+18,-0.030750937,
1.48E+18,-0.034060456,
1.48E+18,-0.03351141,
1.48E+18,0.01618664,
1.48E+18,-0.008222316,
1.48E+18,0.0560781,
1.48E+18,0.017955307,
1.48E+18,0.071015395,
1.48E+18,-0.040340953,
1.48E+18,0.021971392,
1.48E+18,-0.058346652,
1.48E+18,-0.034083476,
1.48E+18,0.006264193,
1.48E+18,0.06023824,
1.48E+18,-0.063886117,
1.48E+18,0.023233511,
1.48E+18,0.049417569,
1.48E+18,0.024814254,
1.48E+18,-0.063186228,
1.48E+18,0.059073017,
1.48E+18,0.060028774,
1.48E+18,0.075954902,
1.48E+18,-0.078901051,
1.48E+18,-0.029652959,
1.48E+18,0.077536647,
1.48E+18,0.050178035,
1.48E+18,0.059403795,
1.48E+18,-0.052123146,
1.48E+18,0.063469489,
1.48E+18,-0.091039875,
1.48E+18,0.043571549,
1.48E+18,0.079815979,
1.48E+18,0.094778052,
1.48E+18,0.047444454,
1.48E+18,-0.02060309,
1.48E+18,-0.08269993,
1.48E+18,0.081375426,
1.48E+18,-0.075157416,
1.48E+18,0.09439211,
1.48E+18,0.080038462,
1.48E+18,0.093522135,
1.48E+18,0.000423368,
1.48E+18,-0.034989232,
1.48E+18,-0.068843552,
1.48E+18,-0.037493654,
1.48E+18,-0.036116838,
1.48E+18,0.080578433,
1.48E+18,0.056257147,
1.48E+18,-0.08517659,
1.48E+18,-0.052837816,
1.48E+18,0.059365105,
1.48E+18,0.05082253,
1.48E+18,0.032394468,
1.48E+18,-0.050085669,
1.48E+18,0.001632231,
1.48E+18,0.054821086,
1.48E+18,-0.035482919,
1.48E+18,0.069603924,
1.48E+18,0.06951994,
1.48E+18,0.093514516,
1.48E+18,0.093064886,
1.48E+18,-0.068717744,
1.48E+18,-0.018291292,
1.48E+18,0.079751997,
1.48E+18,0.003783302,
1.48E+18,-0.098003864,
1.48E+18,-0.018681741,
1.48E+18,-0.066864029,
1.48E+18,-0.09696113,
1.48E+18,0.019412902,
1.48E+18,-0.007239107,
1.48E+18,-0.040221683,
1.48E+18,-0.035076702,
1.48E+18,-0.045814462,
1.48E+18,-0.062433993,
1.48E+18,0.05163405,
1.48E+18,-0.018881806,
1.48E+18,0.021926164,
1.48E+18,-0.097019997,
1.48E+18,-0.032929573,
1.48E+18,-0.09658085,
1.48E+18,-0.04846764,
1.48E+18,0.075234919,
1.48E+18,0.022085444,
1.48E+18,-0.005938345,
1.48E+18,-0.050119403,
1.48E+18,0.065841471,
1.48E+18,-0.035414805,
1.48E+18,-0.007074813,
1.48E+18,-0.032922231,
1.48E+18,-0.08613994,
1.48E+18,0.081919985,
1.48E+18,0.028180026,
1.48E+18,0.061699355,
1.48E+18,0.035619307,
1.48E+18,-0.099708278,
1.48E+18,-0.064332216,
1.48E+18,0.007052489,
1.48E+18,-0.069474241,
1.48E+18,0.094461905,
1.48E+18,-0.010232609,
1.48E+18,0.073527566,
1.48E+18,-0.060524145,
1.48E+18,0.047823929,
1.48E+18,-0.06470314,
1.48E+18,-0.018732178,
1.48E+18,-0.062184583,
1.48E+18,0.011098636,
1.48E+18,-0.065038592,
1.48E+18,-0.026483687,
1.48E+18,0.018920542,
1.48E+18,0.056738962,
1.48E+18,-0.073048064,
1.48E+18,0.084736884,
1.48E+18,-0.035562056,
1.48E+18,0.010811732,
1.48E+18,0.04750239,
1.48E+18,0.035547402,
1.48E+18,-0.021587502,
1.48E+18,0.012427496,
1.48E+18,-0.054244271,
1.48E+18,0.071074183,
1.48E+18,0.076249108,
1.48E+18,0.045682548,
1.48E+18,-0.029540048,
1.48E+18,-0.016339092,
1.48E+18,-0.076105871,
1.48E+18,0.093788426,
1.48E+18,0.079170861,
1.48E+18,-0.083638874,
1.48E+18,0.005986236,
1.48E+18,-0.03827356,
1.48E+18,-0.065942835,
1.48E+18,-0.067971856,
1.48E+18,-0.040383203,
1.48E+18,-0.044460041,
1.48E+18,-0.070624916,
1.48E+18,-0.013682551,
1.48E+18,0.043900088,
1.48E+18,0.012433691,
1.48E+18,0.013957229,
1.48E+18,0.045493503,
1.48E+18,0.06068595,
1.48E+18,0.043151868,
1.48E+18,0.072988836,
1.48E+18,-0.044151426,
1.48E+18,-0.012107964,
1.48E+18,-0.007597073,
1.48E+18,0.040108843,
1.48E+18,0.080430119,
1.48E+18,0.059925616,
1.48E+18,0.014066491,
1.48E+18,-0.007602998,
1.48E+18,-0.037407684,
1.48E+18,0.089584648,
1.48E+18,-0.063769239,
1.48E+18,0.096243716,
1.48E+18,0.008829971,
1.48E+18,0.078309115,
1.48E+18,0.045432203,
1.48E+18,0.077831806,
1.48E+18,0.070550136,
1.48E+18,0.061500894,
1.48E+18,0.057089099,
1.48E+18,-0.061445929,
1.48E+18,-0.016372613,
1.48E+18,0.013621383,
1.48E+18,0.043877462,
1.48E+18,0.06430987,
1.48E+18,0.09613009,
1.48E+18,-0.078491424,
1.48E+18,0.072459446,
1.48E+18,0.023362028,
1.48E+18,0.024964145,
1.48E+18,0.072901191,
1.48E+18,-0.067727164,
1.48E+18,-0.084017914,
1.48E+18,0.09395588,
1.48E+18,-0.021378496,
1.48E+18,0.090547867,
1.48E+18,0.044555254,
1.48E+18,0.066115412,
1.48E+18,0.059574288,
1.48E+18,-0.078023783,
1.48E+18,0.013809864,
1.48E+18,0.021127563,
1.48E+18,-0.057352299,
1.48E+18,-0.081052661,
1.48E+18,0.083938325,
1.48E+18,0.091922343,
1.48E+18,-0.050168663,
1.48E+18,0.005506132,
1.48E+18,-0.072807224,
1.48E+18,0.021011482,
1.48E+18,-0.015350052,
1.48E+18,0.068335459,
1.48E+18,-0.077777038,
1.48E+18,0.007583389,
1.48E+18,0.041387188,
1.48E+18,0.072636037,
1.48E+18,0.011588188,
1.48E+18,-0.018246049,
1.48E+18,0.053396718,
1.48E+18,0.00339312,
1.48E+18,-0.014819393,
1.48E+18,0.082830927,
1.48E+18,-0.028110167,
1.48E+18,-0.075249759,
1.48E+18,0.061817824,
1.48E+18,-0.062534594,
1.48E+18,0.016534954,
1.48E+18,0.08522679,
1.48E+18,-0.040910617,
1.48E+18,-0.056342683,
1.48E+18,-0.037593676,
1.48E+18,-0.055483489,
1.48E+18,0.070029677,
1.48E+18,-0.074380443,
1.48E+18,-0.08682909,
1.48E+18,-0.05432731,
1.48E+18,-0.036118666,
1.48E+18,-0.025034255,
1.48E+18,0.059650725,
1.48E+18,-0.086787345,
1.48E+18,0.021823276,
1.48E+18,-0.072422007,
1.48E+18,0.058677962,
1.48E+18,0.038366167,
1.48E+18,-0.058513674,
1.48E+18,-0.078313856,
1.48E+18,-0.047841059,
1.48E+18,-0.034379421,
1.48E+18,-0.079402404,
1.48E+18,0.090426791,
1.48E+18,0.057883076,
1.48E+18,0.05738732,
1.48E+18,-0.097745925,
1.48E+18,0.010439568,
1.48E+18,0.019216927,
1.48E+18,0.0057174,
1.48E+18,-0.059991452,
1.48E+18,0.006580963,
1.48E+18,0.012747032,
1.48E+18,-0.038085832,
1.48E+18,0.081181934,
1.48E+18,0.028171853,
1.48E+18,0.010794202,
1.48E+18,-0.000941805,
1.48E+18,0.033428235,
1.48E+18,0.031278555,
1.48E+18,-0.003301918,
1.48E+18,-0.0987217,
1.48E+18,0.049063309,
1.48E+18,0.084470739,
1.48E+18,-0.050561162,
1.48E+18,0.024960506,
1.48E+18,0.005007698,
1.48E+18,-0.029073992,
1.48E+18,-0.098770921,
1.48E+18,-0.073596594,
1.48E+18,0.031024742,
1.48E+18,0.030212006,
1.48E+18,0.006293074,
1.48E+18,-0.065677035,
1.48E+18,0.090995602,
1.48E+18,0.000598192,
1.48E+18,0.013797,
1.48E+18,-0.048594203,
1.48E+18,-0.069523314,
1.48E+18,0.097969335,
1.48E+18,-0.027991937,
1.48E+18,-0.021376554,
1.48E+18,-0.083434532,
1.48E+18,0.030040542,
1.48E+18,-0.09318845,
1.48E+18,-0.087420412,
1.48E+18,0.0748023,
1.48E+18,-0.064172423,
1.48E+18,0.005457381,
1.48E+18,0.065047823,
1.48E+18,-0.057948701,
1.48E+18,0.080547268,
1.48E+18,-0.032189967,
1.48E+18,0.088980707,
1.48E+18,0.091547183,
1.48E+18,-0.033654427,
1.48E+18,0.076977048,
1.48E+18,0.04848964,
1.48E+18,-0.033449569,
1.48E+18,-0.093255623,
1.48E+18,0.033852508,
1.48E+18,0.062725307,
1.48E+18,-0.064185892,
1.48E+18,-0.097440837,
1.48E+18,-0.031119934,
1.48E+18,0.098012368,
1.48E+18,0.06053867,
1.48E+18,-0.036576109,
1.48E+18,-0.011942281,
1.48E+18,-0.050534791,
1.48E+18,-0.008792824,
1.48E+18,0.041993556,
1.48E+18,0.099095682,
1.48E+18,-0.056416553,
1.48E+18,-0.08763341,
1.48E+18,0.050269552,
1.48E+18,0.050894789,
1.48E+18,0.053520619,
1.48E+18,-0.004710595,
1.48E+18,0.060210176,
1.48E+18,0.036534679,
1.48E+18,0.001257783,
1.48E+18,0.089525508,
1.48E+18,-0.087193311,
1.48E+18,0.036734588,
1.48E+18,-0.09683651,
1.48E+18,-0.000774636,
1.48E+18,-0.037498798,
1.48E+18,-0.018838014,
1.48E+18,0.070422766,
1.48E+18,0.040875616,
1.48E+18,-0.06645938,
1.48E+18,-0.002253169,
1.48E+18,0.020370486,
1.48E+18,0.099358226,
1.48E+18,0.095337449,
1.48E+18,-0.005594969,
1.48E+18,-0.066611294,
1.48E+18,0.056392808,
1.48E+18,0.033778137,
1.48E+18,-0.026883772,
1.48E+18,-0.030523622,
1.48E+18,-0.032025566,
1.48E+18,-0.070213322,
1.48E+18,-0.066049422,
1.48E+18,0.031045899,
1.48E+18,0.009012347,
1.48E+18,0.077761421,
1.48E+18,-0.098431468,
1.48E+18,0.018371857,
1.48E+18,-0.05210334,
1.48E+18,-0.060434467,
1.48E+18,0.066394012,
1.48E+18,0.018957144,
1.48E+18,-0.059021456,
1.48E+18,-0.020785761,
1.48E+18,-0.082412351,
1.48E+18,0.077253113,
1.48E+18,0.057244039,
1.48E+18,-0.060589503,
1.48E+18,-0.097153001,
1.48E+18,0.0821562,
1.48E+18,-0.003855865,
1.48E+18,0.034363088,
1.48E+18,0.004050936,
1.48E+18,0.086712034,
1.48E+18,-0.033646354,
1.48E+18,-0.019410633,
1.48E+18,-0.092401134,
1.48E+18,-0.052471908,
1.48E+18,-0.025742329,
1.48E+18,0.080411937,
1.48E+18,-0.094246037,
1.48E+18,-0.090387021,
1.48E+18,-0.011187104,
1.48E+18,0.062371225,
1.48E+18,-0.073239551,
1.48E+18,0.055566552,
1.48E+18,0.00968566,
1.48E+18,0.023043014,
1.48E+18,0.046083271,
1.48E+18,0.018889716,
1.48E+18,0.029099237,
1.48E+18,-0.045787085,
1.48E+18,-0.064918221,
1.48E+18,-0.097698293,
1.48E+18,0.092040106,
1.48E+18,0.071215146,
1.48E+18,-0.078597598,
1.48E+18,0.070643594,
1.48E+18,-0.089292931,
1.48E+18,-0.011355391,
1.48E+18,0.064166929,
1.48E+18,-0.037743062,
1.48E+18,0.08669056,
1.48E+18,-0.055328205,
1.48E+18,0.076478559,
1.48E+18,-0.067546399,
1.48E+18,0.096657237,
1.48E+18,0.073443136,
1.48E+18,-0.084549851,
1.48E+18,-0.093015052,
1.48E+18,0.042944789,
1.48E+18,-0.06320608,
1.48E+18,0.03986043,
1.48E+18,-0.084853301,
1.48E+18,-0.072629192,
1.48E+18,0.038171304,
1.48E+18,-0.023946714,
1.48E+18,0.094776643,
1.48E+18,0.001300177,
1.48E+18,0.058879504,
1.48E+18,0.069489776,
1.48E+18,0.028616546,
1.48E+18,-0.038070836,
1.48E+18,0.017824372,
1.48E+18,-0.043845183,
1.48E+18,0.014109151,
1.48E+18,-0.078218045,
1.48E+18,-0.033469377,
1.48E+18,-0.07665095,
1.48E+18,0.045353079,
1.48E+18,-0.007839502,
1.48E+18,0.086184856,
1.48E+18,0.018167127,
1.48E+18,-0.056344937,
1.48E+18,0.030696814,
1.48E+18,0.079612817,
1.48E+18,-0.077862814,
1.48E+18,-0.057243765,
1.48E+18,-0.090025844,
1.48E+18,0.03866652,